Page Number,Text
1,"Direktori Putusan Mahkamah Agung Republik Indonesia
putusan.mahkamahagung.go.id

M a h ka m a h A g u n g R e p u blik In d o n esia
M a h ka m a h A g u n g R e p u blik In d o n esia
M a h ka m a h A g u n g R e p u blik In d o n esia
M a h ka m a h A g u n g R e p u blik In d o n esia
M a h ka m a h A g u n g R e p u blik In d o n esia

Disclaimer
Kepaniteraan Mahkamah Agung Republik Indonesia berusaha untuk selalu mencantumkan informasi paling kini dan akurat sebagai bentuk komitmen Mahkamah Agung untuk pelayanan publik, transparansi dan akuntabilitas
pelaksanaan fungsi peradilan. Namun dalam hal-hal tertentu masih dimungkinkan terjadi permasalahan teknis terkait dengan akurasi dan keterkinian informasi yang kami sajikan, hal mana akan terus kami perbaiki dari waktu kewaktu.
Dalam hal Anda menemukan inakurasi informasi yang termuat pada situs ini atau informasi yang seharusnya ada, namun belum tersedia, maka harap segera hubungi Kepaniteraan Mahkamah Agung RI melalui :
Email : kepaniteraan@mahkamahagung.go.id    Telp : 021-384 3348 (ext.318)

Halaman 1

P U T U S A NNOMOR 102/PID.SUS/2024/PT DKI DEMI KEADILAN BERDASARKAN KETUHANAN YANG MAHA ESAPengadilan Tinggi Jakarta, yang berwenang mengadili perkara pidana dalam Pengadilan Tingkat Banding telah menjatuhkan putusan sebagai berikut dalam perkara Terdakwa :  1. Nama lengkap : ANDREAN;2. Tempat lahir : Metro;3. Umur/Tanggal lahir : 39 Tahun/29 November 1984;4. Jenis kelamin : Laki-laki;5. Kebangsaan : Indonesia;6. Tempat tinggal : Jalan Yos Sudarso RT.046/008Kelurahan  Metro Kecamatan  MetroPusat Kota Metro Prov. Lampung;7. Agama : Islam;8. Pekerjaan : Wiraswasta;Terdakwa dipersidangan didampingi oleh Drs. Arifin, SH., M.Ag.-Agus Triyanto, SH., MH.- dan Dr. Edi Santosa, SH., MH.- Kesemuanyaadalah Advokat dan Konsultan Hukum pada Yayasan Lembaga BantuanHukum Garuda Kencana Indonesia (YLBH-GKI) alamat Sekertariat Jln. KHArif RT. 01 RW.12 Kelurahan/Desa Surodadi, Surodadi, Kabupaten Tegal,Provinsi Jawa Tengah, bertindak berdasarkan surat kuasa khusus tertanggal2 April 2024;Terdakwa ditahan dalam Rumah Tahanan Negara oleh :1.Penyidik sejak tanggal 27 Juli 2023 sampai dengan tanggal 15 Agustus2023;2.Penyidik Perpanjangan Oleh Penuntut Umum sejak tanggal 16 Agustus2023 sampai dengan tanggal 24 September 2023 ;3.Penyidik Perpanjangan Pertama Oleh Ketua Pengadilan Negeri sejakHal. 1 dari 27 hal. Putusan Nomor 102/PID.SUS/2024/PT DKI"
2,"Direktori Putusan Mahkamah Agung Republik Indonesia
putusan.mahkamahagung.go.id

M a h ka m a h A g u n g R e p u blik In d o n esia
M a h ka m a h A g u n g R e p u blik In d o n esia
M a h ka m a h A g u n g R e p u blik In d o n esia
M a h ka m a h A g u n g R e p u blik In d o n esia
M a h ka m a h A g u n g R e p u blik In d o n esia

Disclaimer
Kepaniteraan Mahkamah Agung Republik Indonesia berusaha untuk selalu mencantumkan informasi paling kini dan akurat sebagai bentuk komitmen Mahkamah Agung untuk pelayanan publik, transparansi dan akuntabilitas
pelaksanaan fungsi peradilan. Namun dalam hal-hal tertentu masih dimungkinkan terjadi permasalahan teknis terkait dengan akurasi dan keterkinian informasi yang kami sajikan, hal mana akan terus kami perbaiki dari waktu kewaktu.
Dalam hal Anda menemukan inakurasi informasi yang termuat pada situs ini atau informasi yang seharusnya ada, namun belum tersedia, maka harap segera hubungi Kepaniteraan Mahkamah Agung RI melalui :
Email : kepaniteraan@mahkamahagung.go.id    Telp : 021-384 3348 (ext.318)

Halaman 2

tanggal 25 September 2023 sampai dengan tanggal 24 Oktober 2023; 4.Penyidik Perpanjangan Kedua Oleh Ketua Pengadilan Negeri sejaktanggal 25 Oktober 2023 sampai dengan tanggal 23 November 2023; 5.Penuntut Umum sejak tanggal 16 November 2023 sampai dengantanggal 5 Desember 2023; 6.Hakim Pengadilan Negeri sejak tanggal 28 November 2023 sampaidengan tanggal 27 Desember 2023; 7.Hakim Pengadilan Negeri Perpanjangan Oleh Ketua Pengadilan Negerisejak tanggal 28 Desember 2023 sampai dengan tanggal 25 Februari2024;8.Hakim Perpanjangan Pertama oleh Ketua PT  DKI sejak tanggal 26Februari 2024 sampai dengan tanggal 26 Maret 2024;9.Hakim PN Perpanjangan oleh PT DKI sejak tanggal 27 Maret 2024sampai dengan tanggal 25 April 2024;10.Hakim Tinggi Pengadilan Tinggi DKI Jakarta sejak tanggal 5 April 2024sampai dengan tanggal 4 Mei 2024;11.Perpanjangan Ketua Pengadilan Tinggi DKI Jakarta sejak tanggal 5 Mei2024 sampai dengan tanggal 3 Juli 2024;Pengadilan Tinggi tersebut; Telah membaca :1.Penetapan Ketua Pengadilan Tinggi Jakarta NOMOR102/PID.SUS/2024/PT DKI  tanggal 22 April 2024 tentang PenetapanMajelis Hakim dalam perkara ini;2.Berkas perkara NOMOR 102/PID.SUS/2024/PT DKI dan surat-suratlainnya yang berhubungan dengan perkara ini;3.Salinan Putusan Pengadilan Negeri Jakarta Selatan Nomor687/Pid.Sus/2023/PN Jkt sel tanggal 1 April 2024; 4.Surat dakwaan Penuntut Umum dimana Terdakwa didakwa dengandakwaan sebagai berikut :Hal. 2 dari 27 hal. Putusan Nomor 102/PID.SUS/2024/PT DKI"
3,"Direktori Putusan Mahkamah Agung Republik Indonesia
putusan.mahkamahagung.go.id

M a h ka m a h A g u n g R e p u blik In d o n esia
M a h ka m a h A g u n g R e p u blik In d o n esia
M a h ka m a h A g u n g R e p u blik In d o n esia
M a h ka m a h A g u n g R e p u blik In d o n esia
M a h ka m a h A g u n g R e p u blik In d o n esia

Disclaimer
Kepaniteraan Mahkamah Agung Republik Indonesia berusaha untuk selalu mencantumkan informasi paling kini dan akurat sebagai bentuk komitmen Mahkamah Agung untuk pelayanan publik, transparansi dan akuntabilitas
pelaksanaan fungsi peradilan. Namun dalam hal-hal tertentu masih dimungkinkan terjadi permasalahan teknis terkait dengan akurasi dan keterkinian informasi yang kami sajikan, hal mana akan terus kami perbaiki dari waktu kewaktu.
Dalam hal Anda menemukan inakurasi informasi yang termuat pada situs ini atau informasi yang seharusnya ada, namun belum tersedia, maka harap segera hubungi Kepaniteraan Mahkamah Agung RI melalui :
Email : kepaniteraan@mahkamahagung.go.id    Telp : 021-384 3348 (ext.318)

Halaman 3

PERTAMAPRIMAIR       Bahwa terdakwa ANDREAN pada tanggal 19 Juli 2023 atau setidak-tidaknya pada waktu lain dalam bulan Juli tahun 2023 bertempat diApartemen Kalibata City, Pancoran, Jakarta Selatan atau setidak-tidaknyadisuatu tempat yang masih termasuk dalam daerah hukum PengadilanNegeri Jakarta Selatan yang berwenang memeriksa dan mengadili, merekayang sengaja memberi kesempatan, sarana atau keterangan untukmelakukan kejahatan, yang melakukan perekrutan, pengangkutan,penampungan, pengiriman, pemindahan, atau penerimaan seseorangdengan ancaman kekerasan, penggunaan kekerasan, penculikan,penyekapan, pemalsuan, penipuan, penyalahgunaan kekuasaan atau posisirentan, penjeratan utang atau memberi bayaran atau manfaat walaupunmemperoleh persetujuan dari orang yang memegang kendali atas orang lain,untuk tujuan mengeksploitasi orang tersebut di wilayah negara RepublikIndonesia, mengakibatkan orang tereksploitasi, perbuatan tersebut terdakwalakukan dengan cara-cara sebagai berikut : -Bahwa awalnya terdakwa berkenalan dengan saksi Muchammad ArifRahman selaku direktur KER Japan Indonesia yang mengaku bisamengurus visa dan pekerjaan di Negara Jepang kemudian terdakwayang bekerja sebagai calo perorangan pencari visa kerja di  NegaraJepang pada bulan April 2023 berkenalan dengan saksi Arif AbdulKarim Rosyid dan saksi Mohammad Rif’an (penuntutan terpisah).-Bahwa saksi Arif Abdul Karim Rosyid dan saksi Mohammad Rif’an yangmempunyai pekerjaan merekrut calon tenaga kerja Indonesia untukbekerja di luar Negeri menerima surat undangan training kerja diNegara Jepang dari terdakwa yang kemudian terdakwa menjelaskanterhadap calon tenaga kerja Indonesia akan dipekerjakan di Pabrikpemotongan ayam, pabrik mebel dan pabrik kabel setelah sampai diNegara Jepang sehingga pada bulan Juni 2023 saksi Arif Abdul KarimRosyid dan saksi Mohammad Rif’an mulai mencari calon tenaga kerjaIndonesia yang mau bekerja di Negara Jepang, setelah melakukanHal. 3 dari 27 hal. Putusan Nomor 102/PID.SUS/2024/PT DKI"
4,"Direktori Putusan Mahkamah Agung Republik Indonesia
putusan.mahkamahagung.go.id

M a h ka m a h A g u n g R e p u blik In d o n esia
M a h ka m a h A g u n g R e p u blik In d o n esia
M a h ka m a h A g u n g R e p u blik In d o n esia
M a h ka m a h A g u n g R e p u blik In d o n esia
M a h ka m a h A g u n g R e p u blik In d o n esia

Disclaimer
Kepaniteraan Mahkamah Agung Republik Indonesia berusaha untuk selalu mencantumkan informasi paling kini dan akurat sebagai bentuk komitmen Mahkamah Agung untuk pelayanan publik, transparansi dan akuntabilitas
pelaksanaan fungsi peradilan. Namun dalam hal-hal tertentu masih dimungkinkan terjadi permasalahan teknis terkait dengan akurasi dan keterkinian informasi yang kami sajikan, hal mana akan terus kami perbaiki dari waktu kewaktu.
Dalam hal Anda menemukan inakurasi informasi yang termuat pada situs ini atau informasi yang seharusnya ada, namun belum tersedia, maka harap segera hubungi Kepaniteraan Mahkamah Agung RI melalui :
Email : kepaniteraan@mahkamahagung.go.id    Telp : 021-384 3348 (ext.318)

Halaman 4

pencarian calon tenaga kerja Indonesia saksi Arif Abdul Karim Rosyiddan saksi Mohammad Rif’an berhasil merekrut calon tenaga kerjaIndonesia diantaranya saksi Dwi Nur Faizin yang berasal dari daerahJepara, saksi Syahrul Gunawan yang berasal dari daerah Jepara, saksiRizky yang berasal dari daerah Banyumas, saksi Yusuf yang berasaldari daerah Cirebon, saksi Muhammad Fathul Aris yang berasal daridaerah Batang, saksi Afroni yang berasal dari daerah Slawi, saksi Arofikyang berasal dari daerah Batang, saksi Wahyu Mustikaningtyas yangberasal dari daerah Karanganyar dan saksi Muhamad Zaenal Abidinyang berasal dari daerah Karanganyar.-Bahwa didalam melakukan perekrutan para calon tenaga kerja tersebutsaksi Arif Abdul Karim Rosyid dan saksi Mohammad Rif’an memintakelengkapan dokumen berupa KTP, Kartu Keluarga, Ijazah dan aktakelahiran serta meminta biaya kepada setiap calon tenaga kerjaIndonesia sebesar Rp. 65.000.000,- (enam puluh lima juta rupiah)sampai dengan Rp. 85.000.000,- (delapan puluh lima juta rupiah) untukpembelian tiket pesawat, pengurusan passport dan visa, pembelajaranbahasa, akomodasi setelah sampai di Negara Jepang termasukjaminan mendapatkan pekerjaan.-Bahwa setelah semua biaya dibayarkan para calon tenaga kerjaIndonesia kemudian oleh saksi Arif Abdul Karim Rosyid diserahkankepada terdakwa sebesar Rp. 245.000.000,- (dua ratus empat puluhlima juta rupiah) dan Rp. 90.000.000,- (Sembilan puluh juta rupiah)untuk biaya pembuatan visa kunjungan sementara yang kemudianterdakwa Setorkan kepada saksi Muchammad Arif Rahman sebesarRp. 13.000.000,- (tiga belas juta rupiah) untuk setiap calon tenaga kerjaIndonesia dikarenakan saksi Muchammad Arif Rahman sebelumnyamengaku kepada saksi Andrean bisa mempekerjakan kesembilantenaga kerja Indonesia di Jepang yang telah di rekrut oleh saksi ArifAbdul Karim Rosyid dan saksi Mohammad Rif’an denganmenggunakan visa kunjungan sementara dengan menunjukkan suratHal. 4 dari 27 hal. Putusan Nomor 102/PID.SUS/2024/PT DKI"
5,"Direktori Putusan Mahkamah Agung Republik Indonesia
putusan.mahkamahagung.go.id

M a h ka m a h A g u n g R e p u blik In d o n esia
M a h ka m a h A g u n g R e p u blik In d o n esia
M a h ka m a h A g u n g R e p u blik In d o n esia
M a h ka m a h A g u n g R e p u blik In d o n esia
M a h ka m a h A g u n g R e p u blik In d o n esia

Disclaimer
Kepaniteraan Mahkamah Agung Republik Indonesia berusaha untuk selalu mencantumkan informasi paling kini dan akurat sebagai bentuk komitmen Mahkamah Agung untuk pelayanan publik, transparansi dan akuntabilitas
pelaksanaan fungsi peradilan. Namun dalam hal-hal tertentu masih dimungkinkan terjadi permasalahan teknis terkait dengan akurasi dan keterkinian informasi yang kami sajikan, hal mana akan terus kami perbaiki dari waktu kewaktu.
Dalam hal Anda menemukan inakurasi informasi yang termuat pada situs ini atau informasi yang seharusnya ada, namun belum tersedia, maka harap segera hubungi Kepaniteraan Mahkamah Agung RI melalui :
Email : kepaniteraan@mahkamahagung.go.id    Telp : 021-384 3348 (ext.318)

Halaman 5

undangan training kerja dari PT KER Japan ketika akan berangkatmelewati proses imigrasi dan tiba di Negara Jepang.-Bahwa setelah dokumen untuk keberangkatan telah di urus oleh saksiArif Abdul Karim Rosyid, saksi Mohammad Rif’an dan terdakwaselanjutnya calon tenaga kerja Indonesia diberangkatkan ke Jakartauntuk ditampung terlebih dahulu di Apartemen Kalibata City TowerJasmin dan Tower Gaharu untuk persiapan pemberangkatan ke NegaraJepang.-Bahwa kemudian pada tanggal 19 Juli 2023 saksi Hendry Setiawan dansaksi Citra Utama Siregar bersama Tim Reskrim Polres Metro JakartaSelatan yang sebelumnya mendapatkan informasi adanya perekrutanpekerja migran Indonesia yang tidak sesuai ketentuan mendatangiApartemen Kalibata City Tower Jasmin dan Tower Gaharu kemudiansaksi Hendry Setiawan dan saksi Citra Utama Siregar berhasilmengamankan saksi Arif Abdul Karim Rosyid, saksi Mohammad Rif’anbeserta calon tenaga kerja Indonesia diantaranya saksi Dwi Nur Faizin,saksi Syahrul Gunawan, saksi Rizky, saksi Yusuf, saksi MuhammadFathul Aris, saksi Afroni dan saksi Arofik kemudian atas dasar informasidari saksi Arif Abdul Karim Rosyid, saksi Mohammad Rif’an tim ReskrimPolres Metro Jakarta Selatan melakukan pengembangan danmelakukan penangkapan terhadap terdakwa pada tanggal 27 Juli 2023di daerah Condongcatur, Kec. Depok, Kab. Sleman Yogyakarta.-Bahwa perbuatan terdakwa yang memberikan kesempatan danketerangan kepada saksi Arif Abdul Karim Rosyid dan saksiMohammad Rif’an tersebut membuat calon tenaga kerja Indonesiayaitu saksi Dwi Nur Faizin, saksi Syahrul Gunawan, saksi Rizky, saksiYusuf, saksi Muhammad Fathul Aris, saksi Afroni dan saksi Arofikmerasa di eksploitasi karena telah menyerahkan biaya sebesar Rp.85.000.000,- (delapan puluh lima juta rupiah) untuk bisa bekerja diNegara Jepang namun pada kenyataannya dokumen keberangkatandengan pekerjaan yang dijanjikan tidak sesuai dan terdakwa I Arif AbdulKarim Rosyid, terdakwa II Mohammad Rif’an, saksi Andrean dan saksiHal. 5 dari 27 hal. Putusan Nomor 102/PID.SUS/2024/PT DKI"
6,"Direktori Putusan Mahkamah Agung Republik Indonesia
putusan.mahkamahagung.go.id

M a h ka m a h A g u n g R e p u blik In d o n esia
M a h ka m a h A g u n g R e p u blik In d o n esia
M a h ka m a h A g u n g R e p u blik In d o n esia
M a h ka m a h A g u n g R e p u blik In d o n esia
M a h ka m a h A g u n g R e p u blik In d o n esia

Disclaimer
Kepaniteraan Mahkamah Agung Republik Indonesia berusaha untuk selalu mencantumkan informasi paling kini dan akurat sebagai bentuk komitmen Mahkamah Agung untuk pelayanan publik, transparansi dan akuntabilitas
pelaksanaan fungsi peradilan. Namun dalam hal-hal tertentu masih dimungkinkan terjadi permasalahan teknis terkait dengan akurasi dan keterkinian informasi yang kami sajikan, hal mana akan terus kami perbaiki dari waktu kewaktu.
Dalam hal Anda menemukan inakurasi informasi yang termuat pada situs ini atau informasi yang seharusnya ada, namun belum tersedia, maka harap segera hubungi Kepaniteraan Mahkamah Agung RI melalui :
Email : kepaniteraan@mahkamahagung.go.id    Telp : 021-384 3348 (ext.318)

Halaman 6

Muchammad Arif Rahman tidak mempunyai ijin untukmemberangkatkan serta menempatkan calon pekerja tersebut ke luarnegeri.        Perbuatan terdakwa sebagaimana diatur dan diancam pidana dalamPasal 2 ayat (2) UU RI No. 21 Tahun 2007 Tentang Pemberantasan Tindak Pidana Perdagangan Orang jo Pasal 56 ayat (2) KUHP.SUBSIDAIR        Bahwa terdakwa ANDREAN pada tanggal 19 Juli 2023 atau setidak-tidaknya pada waktu lain dalam bulan Juli tahun 2023 bertempat diApartemen Kalibata City, Pancoran, Jakarta Selatan atau setidak-tidaknya disuatu tempat yang masih termasuk dalam daerah hukumPengadilan Negeri Jakarta Selatan yang berwenang memeriksa danmengadili, mereka yang sengaja memberi kesempatan, sarana atauketerangan untuk melakukan kejahatan, yang melakukan perekrutan,pengangkutan, penampungan, pengiriman, pemindahan, ataupenerimaan seseorang dengan ancaman kekerasan, penggunaankekerasan, penculikan, penyekapan, pemalsuan, penipuan,penyalahgunaan kekuasaan atau posisi rentan, penjeratan utang ataumemberi bayaran atau manfaat walaupun memperoleh persetujuan dariorang yang memegang kendali atas orang lain, untuk tujuanmengeksploitasi orang tersebut di wilayah negara Republik Indonesia,perbuatan tersebut terdakwa lakukan dengan cara-cara sebagai berikut : -Bahwa awalnya terdakwa berkenalan dengan saksi Muchammad ArifRahman selaku direktur KER Japan Indonesia yang mengaku bisamengurus visa dan pekerjaan di Negara Jepang kemudian terdakwayang bekerja sebagai calo perorangan pencari visa kerja di  NegaraJepang pada bulan April 2023 berkenalan dengan saksi Arif AbdulKarim Rosyid dan saksi Mohammad Rif’an (penuntutan terpisah).-Bahwa saksi Arif Abdul Karim Rosyid dan saksi Mohammad Rif’anyang mempunyai pekerjaan merekrut calon tenaga kerja Indonesiauntuk bekerja di luar Negeri menerima surat undangan training kerja diHal. 6 dari 27 hal. Putusan Nomor 102/PID.SUS/2024/PT DKI"
7,"Direktori Putusan Mahkamah Agung Republik Indonesia
putusan.mahkamahagung.go.id

M a h ka m a h A g u n g R e p u blik In d o n esia
M a h ka m a h A g u n g R e p u blik In d o n esia
M a h ka m a h A g u n g R e p u blik In d o n esia
M a h ka m a h A g u n g R e p u blik In d o n esia
M a h ka m a h A g u n g R e p u blik In d o n esia

Disclaimer
Kepaniteraan Mahkamah Agung Republik Indonesia berusaha untuk selalu mencantumkan informasi paling kini dan akurat sebagai bentuk komitmen Mahkamah Agung untuk pelayanan publik, transparansi dan akuntabilitas
pelaksanaan fungsi peradilan. Namun dalam hal-hal tertentu masih dimungkinkan terjadi permasalahan teknis terkait dengan akurasi dan keterkinian informasi yang kami sajikan, hal mana akan terus kami perbaiki dari waktu kewaktu.
Dalam hal Anda menemukan inakurasi informasi yang termuat pada situs ini atau informasi yang seharusnya ada, namun belum tersedia, maka harap segera hubungi Kepaniteraan Mahkamah Agung RI melalui :
Email : kepaniteraan@mahkamahagung.go.id    Telp : 021-384 3348 (ext.318)

Halaman 7

Negara Jepang dari terdakwa yang kemudian terdakwa menjelaskanterhadap calon tenaga kerja Indonesia akan dipekerjakan di Pabrikpemotongan ayam, pabrik mebel dan pabrik kabel setelah sampai diNegara Jepang sehingga pada bulan Juni 2023 saksi Arif Abdul KarimRosyid dan saksi Mohammad Rif’an mulai mencari calon tenaga kerjaIndonesia yang mau bekerja di Negara Jepang, setelah melakukanpencarian calon tenaga kerja Indonesia saksi Arif Abdul Karim Rosyiddan saksi Mohammad Rif’an berhasil merekrut calon tenaga kerjaIndonesia diantaranya saksi Dwi Nur Faizin yang berasal dari daerahJepara, saksi Syahrul Gunawan yang berasal dari daerah Jepara,saksi Rizky yang berasal dari daerah Banyumas, saksi Yusuf yangberasal dari daerah Cirebon, saksi Muhammad Fathul Aris yangberasal dari daerah Batang, saksi Afroni yang berasal dari daerahSlawi, saksi Arofik yang berasal dari daerah Batang, saksi WahyuMustikaningtyas yang berasal dari daerah Karanganyar dan saksiMuhamad Zaenal Abidin yang berasal dari daerah Karanganyar.-Bahwa didalam melakukan perekrutan para calon tenaga kerjatersebut saksi Arif Abdul Karim Rosyid dan saksi Mohammad Rif’anmeminta kelengkapan dokumen berupa KTP, Kartu Keluarga, Ijazahdan akta kelahiran serta meminta biaya kepada setiap calon tenagakerja Indonesia sebesar Rp. 65.000.000,- (enam puluh lima jutarupiah) sampai dengan Rp. 85.000.000,- (delapan puluh lima jutarupiah) untuk pembelian tiket pesawat, pengurusan passport dan visa,pembelajaran bahasa, akomodasi setelah sampai di Negara Jepangtermasuk jaminan mendapatkan pekerjaan.-Bahwa setelah semua biaya dibayarkan para calon tenaga kerjaIndonesia kemudian oleh saksi Arif Abdul Karim Rosyid diserahkankepada terdakwa sebesar Rp. 245.000.000,- (dua ratus empat puluhlima juta rupiah) dan Rp. 90.000.000,- (Sembilan puluh juta rupiah)untuk biaya pembuatan visa kunjungan sementara yang kemudianterdakwa Setorkan kepada saksi Muchammad Arif Rahman sebesarHal. 7 dari 27 hal. Putusan Nomor 102/PID.SUS/2024/PT DKI"
8,"Direktori Putusan Mahkamah Agung Republik Indonesia
putusan.mahkamahagung.go.id

M a h ka m a h A g u n g R e p u blik In d o n esia
M a h ka m a h A g u n g R e p u blik In d o n esia
M a h ka m a h A g u n g R e p u blik In d o n esia
M a h ka m a h A g u n g R e p u blik In d o n esia
M a h ka m a h A g u n g R e p u blik In d o n esia

Disclaimer
Kepaniteraan Mahkamah Agung Republik Indonesia berusaha untuk selalu mencantumkan informasi paling kini dan akurat sebagai bentuk komitmen Mahkamah Agung untuk pelayanan publik, transparansi dan akuntabilitas
pelaksanaan fungsi peradilan. Namun dalam hal-hal tertentu masih dimungkinkan terjadi permasalahan teknis terkait dengan akurasi dan keterkinian informasi yang kami sajikan, hal mana akan terus kami perbaiki dari waktu kewaktu.
Dalam hal Anda menemukan inakurasi informasi yang termuat pada situs ini atau informasi yang seharusnya ada, namun belum tersedia, maka harap segera hubungi Kepaniteraan Mahkamah Agung RI melalui :
Email : kepaniteraan@mahkamahagung.go.id    Telp : 021-384 3348 (ext.318)

Halaman 8

Rp. 13.000.000,- (tiga belas juta rupiah) untuk setiap calon tenagakerja Indonesia dikarenakan saksi Muchammad Arif Rahmansebelumnya mengaku kepada saksi Andrean bisa mempekerjakankesembilan tenaga kerja Indonesia di Jepang yang telah di rekrut olehsaksi Arif Abdul Karim Rosyid dan saksi Mohammad Rif’an denganmenggunakan visa kunjungan sementara dengan menunjukkan suratundangan training kerja dari PT KER Japan ketika akan berangkatmelewati proses imigrasi dan tiba di Negara Jepang.-Bahwa setelah dokumen untuk keberangkatan telah di urus oleh saksiArif Abdul Karim Rosyid, saksi Mohammad Rif’an dan terdakwaselanjutnya calon tenaga kerja Indonesia diberangkatkan ke Jakartauntuk ditampung terlebih dahulu di Apartemen Kalibata City TowerJasmin dan Tower Gaharu untuk persiapan pemberangkatan keNegara Jepang.-Bahwa kemudian pada tanggal 19 Juli 2023 saksi Hendry Setiawandan saksi Citra Utama Siregar bersama Tim Reskrim Polres MetroJakarta Selatan yang sebelumnya mendapatkan informasi adanyaperekrutan pekerja migran Indonesia yang tidak sesuai ketentuanmendatangi Apartemen Kalibata City Tower Jasmin dan Tower Gaharukemudian saksi Hendry Setiawan dan saksi Citra Utama Siregarberhasil mengamankan saksi Arif Abdul Karim Rosyid, saksiMohammad Rif’an beserta calon tenaga kerja Indonesia diantaranyasaksi Dwi Nur Faizin, saksi Syahrul Gunawan, saksi Rizky, saksiYusuf, saksi Muhammad Fathul Aris, saksi Afroni dan saksi Arofikkemudian atas dasar informasi dari saksi Arif Abdul Karim Rosyid,saksi Mohammad Rif’an tim Reskrim Polres Metro Jakarta Selatanmelakukan pengembangan dan melakukan penangkapan terhadapterdakwa pada tanggal 27 Juli 2023 di daerah Condongcatur, Kec.Depok, Kab. Sleman Yogyakarta.Hal. 8 dari 27 hal. Putusan Nomor 102/PID.SUS/2024/PT DKI"
9,"Direktori Putusan Mahkamah Agung Republik Indonesia
putusan.mahkamahagung.go.id

M a h ka m a h A g u n g R e p u blik In d o n esia
M a h ka m a h A g u n g R e p u blik In d o n esia
M a h ka m a h A g u n g R e p u blik In d o n esia
M a h ka m a h A g u n g R e p u blik In d o n esia
M a h ka m a h A g u n g R e p u blik In d o n esia

Disclaimer
Kepaniteraan Mahkamah Agung Republik Indonesia berusaha untuk selalu mencantumkan informasi paling kini dan akurat sebagai bentuk komitmen Mahkamah Agung untuk pelayanan publik, transparansi dan akuntabilitas
pelaksanaan fungsi peradilan. Namun dalam hal-hal tertentu masih dimungkinkan terjadi permasalahan teknis terkait dengan akurasi dan keterkinian informasi yang kami sajikan, hal mana akan terus kami perbaiki dari waktu kewaktu.
Dalam hal Anda menemukan inakurasi informasi yang termuat pada situs ini atau informasi yang seharusnya ada, namun belum tersedia, maka harap segera hubungi Kepaniteraan Mahkamah Agung RI melalui :
Email : kepaniteraan@mahkamahagung.go.id    Telp : 021-384 3348 (ext.318)

Halaman 9

        Perbuatan terdakwa sebagaimana diatur dan diancam pidana dalamPasal 2 ayat (1) UU RI No. 21 Tahun 2007 Tentang Pemberantasan Tindak Pidana Perdagangan Orang jo Pasal 56 ayat (2) KUHP.ATAUKEDUA        Bahwa terdakwa ANDREAN pada tanggal 19 Juli 2023 atau setidak-tidaknya pada waktu lain dalam bulan Juli tahun 2023 bertempat diApartemen Kalibata City, Pancoran, Jakarta Selatan atau setidak-tidaknya disuatu tempat yang masih termasuk dalam daerah hukumPengadilan Negeri Jakarta Selatan yang berwenang memeriksa danmengadili, mereka yang sengaja memberi kesempatan, sarana atauketerangan untuk melakukan kejahatan, melaksanakan penempatanyang tidak memenuhi persyaratan pekerja migran Indonesia, perbuatantersebut terdakwa lakukan dengan cara-cara sebagai berikut : -Bahwa awalnya terdakwa berkenalan dengan saksi Muchammad ArifRahman selaku direktur KER Japan Indonesia yang mengaku bisamengurus visa dan pekerjaan di Negara Jepang kemudian terdakwayang bekerja sebagai calo perorangan pencari visa kerja di  NegaraJepang pada bulan April 2023 berkenalan dengan saksi Arif AbdulKarim Rosyid dan saksi Mohammad Rif’an (penuntutan terpisah).-Bahwa saksi Arif Abdul Karim Rosyid dan saksi Mohammad Rif’anyang mempunyai pekerjaan merekrut calon tenaga kerja Indonesiauntuk bekerja di luar Negeri menerima surat undangan training kerja diNegara Jepang dari terdakwa yang kemudian terdakwa menjelaskanterhadap calon tenaga kerja Indonesia akan dipekerjakan di Pabrikpemotongan ayam, pabrik mebel dan pabrik kabel setelah sampai diNegara Jepang sehingga pada bulan Juni 2023 saksi Arif Abdul KarimRosyid dan saksi Mohammad Rif’an mulai mencari calon tenaga kerjaIndonesia yang mau bekerja di Negara Jepang, setelah melakukanpencarian calon tenaga kerja Indonesia saksi Arif Abdul Karim Rosyiddan saksi Mohammad Rif’an berhasil merekrut calon tenaga kerjaHal. 9 dari 27 hal. Putusan Nomor 102/PID.SUS/2024/PT DKI"
10,"Direktori Putusan Mahkamah Agung Republik Indonesia
putusan.mahkamahagung.go.id

M a h ka m a h A g u n g R e p u blik In d o n esia
M a h ka m a h A g u n g R e p u blik In d o n esia
M a h ka m a h A g u n g R e p u blik In d o n esia
M a h ka m a h A g u n g R e p u blik In d o n esia
M a h ka m a h A g u n g R e p u blik In d o n esia

Disclaimer
Kepaniteraan Mahkamah Agung Republik Indonesia berusaha untuk selalu mencantumkan informasi paling kini dan akurat sebagai bentuk komitmen Mahkamah Agung untuk pelayanan publik, transparansi dan akuntabilitas
pelaksanaan fungsi peradilan. Namun dalam hal-hal tertentu masih dimungkinkan terjadi permasalahan teknis terkait dengan akurasi dan keterkinian informasi yang kami sajikan, hal mana akan terus kami perbaiki dari waktu kewaktu.
Dalam hal Anda menemukan inakurasi informasi yang termuat pada situs ini atau informasi yang seharusnya ada, namun belum tersedia, maka harap segera hubungi Kepaniteraan Mahkamah Agung RI melalui :
Email : kepaniteraan@mahkamahagung.go.id    Telp : 021-384 3348 (ext.318)

Halaman 10

Indonesia diantaranya saksi Dwi Nur Faizin yang berasal dari daerahJepara, saksi Syahrul Gunawan yang berasal dari daerah Jepara,saksi Rizky yang berasal dari daerah Banyumas, saksi Yusuf yangberasal dari daerah Cirebon, saksi Muhammad Fathul Aris yangberasal dari daerah Batang, saksi Afroni yang berasal dari daerahSlawi, saksi Arofik yang berasal dari daerah Batang, saksi WahyuMustikaningtyas yang berasal dari daerah Karanganyar dan saksiMuhamad Zaenal Abidin yang berasal dari daerah Karanganyar.-Bahwa didalam melakukan perekrutan para calon tenaga kerjatersebut saksi Arif Abdul Karim Rosyid dan saksi Mohammad Rif’anmeminta kelengkapan dokumen berupa KTP, Kartu Keluarga, Ijazahdan akta kelahiran serta meminta biaya kepada setiap calon tenagakerja Indonesia sebesar Rp. 65.000.000,- (enam puluh lima jutarupiah) sampai dengan Rp. 85.000.000,- (delapan puluh lima jutarupiah) untuk pembelian tiket pesawat, pengurusan passport dan visa,pembelajaran bahasa, akomodasi setelah sampai di Negara Jepangtermasuk jaminan mendapatkan pekerjaan.-Bahwa setelah semua biaya dibayarkan para calon tenaga kerjaIndonesia kemudian oleh saksi Arif Abdul Karim Rosyid diserahkankepada terdakwa sebesar Rp. 245.000.000,- (dua ratus empat puluhlima juta rupiah) dan Rp. 90.000.000,- (Sembilan puluh juta rupiah)untuk biaya pembuatan visa kunjungan sementara yang kemudianterdakwa Setorkan kepada saksi Muchammad Arif Rahman sebesarRp. 13.000.000,- (tiga belas juta rupiah) untuk setiap calon tenagakerja Indonesia dikarenakan saksi Muchammad Arif Rahmansebelumnya mengaku kepada terdakwa bisa mempekerjakankesembilan tenaga kerja Indonesia di Jepang yang telah di rekrut olehsaksi Arif Abdul Karim Rosyid dan saksi Mohammad Rif’an denganmenggunakan visa kunjungan sementara dengan menunjukkan suratundangan training kerja dari PT KER Japan ketika akan berangkatmelewati proses imigrasi dan tiba di Negara Jepang.Hal. 10 dari 27 hal. Putusan Nomor 102/PID.SUS/2024/PT DKI"
11,"Direktori Putusan Mahkamah Agung Republik Indonesia
putusan.mahkamahagung.go.id

M a h ka m a h A g u n g R e p u blik In d o n esia
M a h ka m a h A g u n g R e p u blik In d o n esia
M a h ka m a h A g u n g R e p u blik In d o n esia
M a h ka m a h A g u n g R e p u blik In d o n esia
M a h ka m a h A g u n g R e p u blik In d o n esia

Disclaimer
Kepaniteraan Mahkamah Agung Republik Indonesia berusaha untuk selalu mencantumkan informasi paling kini dan akurat sebagai bentuk komitmen Mahkamah Agung untuk pelayanan publik, transparansi dan akuntabilitas
pelaksanaan fungsi peradilan. Namun dalam hal-hal tertentu masih dimungkinkan terjadi permasalahan teknis terkait dengan akurasi dan keterkinian informasi yang kami sajikan, hal mana akan terus kami perbaiki dari waktu kewaktu.
Dalam hal Anda menemukan inakurasi informasi yang termuat pada situs ini atau informasi yang seharusnya ada, namun belum tersedia, maka harap segera hubungi Kepaniteraan Mahkamah Agung RI melalui :
Email : kepaniteraan@mahkamahagung.go.id    Telp : 021-384 3348 (ext.318)

Halaman 11

-Bahwa setelah dokumen untuk keberangkatan telah di urus oleh saksiArif Abdul Karim Rosyid, saksi Mohammad Rif’an dan terdakwaselanjutnya calon tenaga kerja Indonesia diberangkatkan ke Jakartauntuk ditampung terlebih dahulu di Apartemen Kalibata City TowerJasmin dan Tower Gaharu untuk persiapan pemberangkatan keNegara Jepang.-Bahwa kemudian pada tanggal 19 Juli 2023 saksi Hendry Setiawandan saksi Citra Utama Siregar bersama Tim Reskrim Polres MetroJakarta Selatan yang sebelumnya mendapatkan informasi adanyaperekrutan pekerja migran Indonesia yang tidak sesuai ketentuanmendatangi Apartemen Kalibata City Tower Jasmin dan Tower Gaharukemudian saksi Hendry Setiawan dan saksi Citra Utama Siregarberhasil mengamankan saksi Arif Abdul Karim Rosyid, saksiMohammad Rif’an beserta calon tenaga kerja Indonesia diantaranyasaksi Dwi Nur Faizin, saksi Syahrul Gunawan, saksi Rizky, saksiYusuf, saksi Muhammad Fathul Aris, saksi Afroni dan saksi Arofikkemudian atas dasar informasi dari saksi Arif Abdul Karim Rosyid,saksi Mohammad Rif’an tim Reskrim Polres Metro Jakarta Selatanmelakukan pengembangan dan melakukan penangkapan terhadapterdakwa pada tanggal 27 Juli 2023 di daerah Condongcatur, Kec.Depok, Kab. Sleman Yogyakarta.-Bahwa perbuatan terdakwa yang memberikan kesempatan danketerangan kepada saksi Arif Abdul Karim Rosyid dan saksiMohammad Rif’an untuk penempatan pekerja migran Indonesiamembuat saksi Arif Abdul Karim Rosyid dan saksi Mohammad Rif’andalam melakukan perekrutan dan pemberangkatan calon tenaga kerjamigran Indonesia tidak memenuhi persyaratan yang ditentukan olehKementerian Tenaga Kerja Indonesia karena setiap pekerja migranIndonesia yang akan bekerja keluar negeri harus terdata dalamsystem SISKOTKLN/SISKOP2MI milik BP2MI dan aplikasi systemsiap kerja milik Kementerian Tenaga Kerja. Hal. 11 dari 27 hal. Putusan Nomor 102/PID.SUS/2024/PT DKI"
12,"Direktori Putusan Mahkamah Agung Republik Indonesia
putusan.mahkamahagung.go.id

M a h ka m a h A g u n g R e p u blik In d o n esia
M a h ka m a h A g u n g R e p u blik In d o n esia
M a h ka m a h A g u n g R e p u blik In d o n esia
M a h ka m a h A g u n g R e p u blik In d o n esia
M a h ka m a h A g u n g R e p u blik In d o n esia

Disclaimer
Kepaniteraan Mahkamah Agung Republik Indonesia berusaha untuk selalu mencantumkan informasi paling kini dan akurat sebagai bentuk komitmen Mahkamah Agung untuk pelayanan publik, transparansi dan akuntabilitas
pelaksanaan fungsi peradilan. Namun dalam hal-hal tertentu masih dimungkinkan terjadi permasalahan teknis terkait dengan akurasi dan keterkinian informasi yang kami sajikan, hal mana akan terus kami perbaiki dari waktu kewaktu.
Dalam hal Anda menemukan inakurasi informasi yang termuat pada situs ini atau informasi yang seharusnya ada, namun belum tersedia, maka harap segera hubungi Kepaniteraan Mahkamah Agung RI melalui :
Email : kepaniteraan@mahkamahagung.go.id    Telp : 021-384 3348 (ext.318)

Halaman 12

        Perbuatan terdakwa sebagaimana diatur dan diancam pidana dalamPasal 68 jo Pasal 83 UU RI No. 18 Tahun 2017 Tentang PelindunganPekerja Migran Indonesia jo Pasal 56 ayat (2) KUHP. ATAUKETIGA       Bahwa terdakwa ANDREAN pada tanggal 19 Juli 2023 atau setidak-tidaknya pada waktu lain dalam bulan Juli tahun 2023 bertempat diApartemen Kalibata City, Pancoran, Jakarta Selatan atau setidak-tidaknya disuatu tempat yang masih termasuk dalam daerah hukumPengadilan Negeri Jakarta Selatan yang berwenang memeriksa danmengadili, mereka yang sengaja memberi kesempatan, sarana atauketerangan untuk melakukan kejahatan, melaksanakan penempatanpekerja migran Indonesia, perbuatan tersebut terdakwa lakukan dengancara-cara sebagai berikut : -Bahwa awalnya terdakwa berkenalan dengan saksi Muchammad ArifRahman selaku direktur KER Japan Indonesia yang mengaku bisamengurus visa dan pekerjaan di Negara Jepang kemudian terdakwayang bekerja sebagai calo perorangan pencari visa kerja di  NegaraJepang pada bulan April 2023 berkenalan dengan saksi Arif AbdulKarim Rosyid dan saksi Mohammad Rif’an (penuntutan terpisah).-Bahwa saksi Arif Abdul Karim Rosyid dan saksi Mohammad Rif’anyang mempunyai pekerjaan merekrut calon tenaga kerja Indonesiauntuk bekerja di luar Negeri menerima surat undangan training kerja diNegara Jepang dari terdakwa yang kemudian terdakwa menjelaskanterhadap calon tenaga kerja Indonesia akan dipekerjakan di Pabrikpemotongan ayam, pabrik mebel dan pabrik kabel setelah sampai diNegara Jepang sehingga pada bulan Juni 2023 saksi Arif Abdul KarimRosyid dan saksi Mohammad Rif’an mulai mencari calon tenaga kerjaIndonesia yang mau bekerja di Negara Jepang, setelah melakukanpencarian calon tenaga kerja Indonesia saksi Arif Abdul Karim Rosyiddan saksi Mohammad Rif’an berhasil merekrut calon tenaga kerjaHal. 12 dari 27 hal. Putusan Nomor 102/PID.SUS/2024/PT DKI"
13,"Direktori Putusan Mahkamah Agung Republik Indonesia
putusan.mahkamahagung.go.id

M a h ka m a h A g u n g R e p u blik In d o n esia
M a h ka m a h A g u n g R e p u blik In d o n esia
M a h ka m a h A g u n g R e p u blik In d o n esia
M a h ka m a h A g u n g R e p u blik In d o n esia
M a h ka m a h A g u n g R e p u blik In d o n esia

Disclaimer
Kepaniteraan Mahkamah Agung Republik Indonesia berusaha untuk selalu mencantumkan informasi paling kini dan akurat sebagai bentuk komitmen Mahkamah Agung untuk pelayanan publik, transparansi dan akuntabilitas
pelaksanaan fungsi peradilan. Namun dalam hal-hal tertentu masih dimungkinkan terjadi permasalahan teknis terkait dengan akurasi dan keterkinian informasi yang kami sajikan, hal mana akan terus kami perbaiki dari waktu kewaktu.
Dalam hal Anda menemukan inakurasi informasi yang termuat pada situs ini atau informasi yang seharusnya ada, namun belum tersedia, maka harap segera hubungi Kepaniteraan Mahkamah Agung RI melalui :
Email : kepaniteraan@mahkamahagung.go.id    Telp : 021-384 3348 (ext.318)

Halaman 13

Indonesia diantaranya saksi Dwi Nur Faizin yang berasal dari daerahJepara, saksi Syahrul Gunawan yang berasal dari daerah Jepara,saksi Rizky yang berasal dari daerah Banyumas, saksi Yusuf yangberasal dari daerah Cirebon, saksi Muhammad Fathul Aris yangberasal dari daerah Batang, saksi Afroni yang berasal dari daerahSlawi, saksi Arofik yang berasal dari daerah Batang, saksi WahyuMustikaningtyas yang berasal dari daerah Karanganyar dan saksiMuhamad Zaenal Abidin yang berasal dari daerah Karanganyar.-Bahwa didalam melakukan perekrutan para calon tenaga kerjatersebut saksi Arif Abdul Karim Rosyid dan saksi Mohammad Rif’anmeminta kelengkapan dokumen berupa KTP, Kartu Keluarga, Ijazahdan akta kelahiran serta meminta biaya kepada setiap calon tenagakerja Indonesia sebesar Rp. 65.000.000,- (enam puluh lima jutarupiah) sampai dengan Rp. 85.000.000,- (delapan puluh lima jutarupiah) untuk pembelian tiket pesawat, pengurusan passport dan visa,pembelajaran bahasa, akomodasi setelah sampai di Negara Jepangtermasuk jaminan mendapatkan pekerjaan.-Bahwa setelah setelah semua biaya dibayarkan calon tenaga kerjaIndonesia kemudian oleh saksi Arif Abdul Karim Rosyid diserahkankepada terdakwa sebesar Rp. 245.000.000,- (dua ratus empat puluhlima juta rupiah) dan Rp. 90.000.000,- (Sembilan puluh juta rupiah)untuk biaya pembuatan visa kunjungan sementara yang kemudianterdakwa Setorkan kepada saksi Muchammad Arif Rahman sebesarRp. 13.000.000,- (tiga belas juta rupiah) untuk setiap calon tenagakerja Indonesia dikarenakan saksi Muchammad Arif Rahmansebelumnya mengaku kepada terdakwa bisa mempekerjakankesembilan tenaga kerja Indonesia di Jepang yang telah di rekrut olehsaksi Arif Abdul Karim Rosyid dan saksi Mohammad Rif’an denganmenggunakan visa kunjungan sementara dengan menunjukkan suratundangan training kerja dari PT KER Japan ketika akan berangkatmelewati proses imigrasi dan tiba di Negara Jepang.Hal. 13 dari 27 hal. Putusan Nomor 102/PID.SUS/2024/PT DKI"
14,"Direktori Putusan Mahkamah Agung Republik Indonesia
putusan.mahkamahagung.go.id

M a h ka m a h A g u n g R e p u blik In d o n esia
M a h ka m a h A g u n g R e p u blik In d o n esia
M a h ka m a h A g u n g R e p u blik In d o n esia
M a h ka m a h A g u n g R e p u blik In d o n esia
M a h ka m a h A g u n g R e p u blik In d o n esia

Disclaimer
Kepaniteraan Mahkamah Agung Republik Indonesia berusaha untuk selalu mencantumkan informasi paling kini dan akurat sebagai bentuk komitmen Mahkamah Agung untuk pelayanan publik, transparansi dan akuntabilitas
pelaksanaan fungsi peradilan. Namun dalam hal-hal tertentu masih dimungkinkan terjadi permasalahan teknis terkait dengan akurasi dan keterkinian informasi yang kami sajikan, hal mana akan terus kami perbaiki dari waktu kewaktu.
Dalam hal Anda menemukan inakurasi informasi yang termuat pada situs ini atau informasi yang seharusnya ada, namun belum tersedia, maka harap segera hubungi Kepaniteraan Mahkamah Agung RI melalui :
Email : kepaniteraan@mahkamahagung.go.id    Telp : 021-384 3348 (ext.318)

Halaman 14

-Bahwa setelah dokumen untuk keberangkatan telah di urus oleh saksiArif Abdul Karim Rosyid, saksi Mohammad Rif’an dan terdakwaselanjutnya calon tenaga kerja Indonesia diberangkatkan ke Jakartauntuk ditampung terlebih dahulu di Apartemen Kalibata City TowerJasmin dan Tower Gaharu untuk persiapan pemberangkatan keNegara Jepang.-Bahwa kemudian pada tanggal 19 Juli 2023 saksi Hendry Setiawandan saksi Citra Utama Siregar bersama Tim Reskrim Polres MetroJakarta Selatan yang sebelumnya mendapatkan informasi adanyaperekrutan pekerja migran Indonesia yang tidak sesuai ketentuanmendatangi Apartemen Kalibata City Tower Jasmin dan Tower Gaharukemudian saksi Hendry Setiawan dan saksi Citra Utama Siregarberhasil mengamankan saksi Arif Abdul Karim Rosyid, saksiMohammad Rif’an beserta calon tenaga kerja Indonesia diantaranyasaksi Dwi Nur Faizin, saksi Syahrul Gunawan, saksi Rizky, saksiYusuf, saksi Muhammad Fathul Aris, saksi Afroni dan saksi Arofikkemudian atas dasar informasi dari saksi Arif Abdul Karim Rosyid,saksi Mohammad Rif’an tim Reskrim Polres Metro Jakarta Selatanmelakukan pengembangan dan melakukan penangkapan terhadapterdakwa pada tanggal 27 Juli 2023 di daerah Condongcatur, Kec.Depok, Kab. Sleman Yogyakarta.-Bahwa perbuatan terdakwa yang memberikan kesempatan danketerangan kepada saksi Arif Abdul Karim Rosyid dan saksiMohammad Rif’an untuk penempatan pekerja migran Indonesiamembuat saksi Arif Abdul Karim Rosyid dan saksi Mohammad Rif’andalam melakukan perekrutan dan pemberangkatan calon tenaga kerjamigran Indonesia tidak sesuai prosedur yang berlaku karena saksi ArifAbdul Karim Rosyid dan saksi Mohammad Rif’an tidak mempunyai ijinuntuk memberangkatkan dan menempatkan pekerja migran ke luarnegeri. Hal. 14 dari 27 hal. Putusan Nomor 102/PID.SUS/2024/PT DKI"
15,"Direktori Putusan Mahkamah Agung Republik Indonesia
putusan.mahkamahagung.go.id

M a h ka m a h A g u n g R e p u blik In d o n esia
M a h ka m a h A g u n g R e p u blik In d o n esia
M a h ka m a h A g u n g R e p u blik In d o n esia
M a h ka m a h A g u n g R e p u blik In d o n esia
M a h ka m a h A g u n g R e p u blik In d o n esia

Disclaimer
Kepaniteraan Mahkamah Agung Republik Indonesia berusaha untuk selalu mencantumkan informasi paling kini dan akurat sebagai bentuk komitmen Mahkamah Agung untuk pelayanan publik, transparansi dan akuntabilitas
pelaksanaan fungsi peradilan. Namun dalam hal-hal tertentu masih dimungkinkan terjadi permasalahan teknis terkait dengan akurasi dan keterkinian informasi yang kami sajikan, hal mana akan terus kami perbaiki dari waktu kewaktu.
Dalam hal Anda menemukan inakurasi informasi yang termuat pada situs ini atau informasi yang seharusnya ada, namun belum tersedia, maka harap segera hubungi Kepaniteraan Mahkamah Agung RI melalui :
Email : kepaniteraan@mahkamahagung.go.id    Telp : 021-384 3348 (ext.318)

Halaman 15

       Perbuatan terdakwa sebagaimana diatur dan diancam pidana dalamPasal 69 jo Pasal 81 UU RI No. 18 Tahun 2017 Tentang Pelindungan PekerjaMigran Indonesia jo Pasal 55 ayat (1) ke 1 KUHP. Menimbang bahwa Penuntut Umum dalam tuntutan pidana yangpada pokoknya menuntut supaya Majelis Hakim yang mengadili perkara inimemutuskan sebagai berikut:1.Menyatakan terdakwa ANDREAN meyakinkan secara sah dan terbuktibersalah melakukan tindak pidana “mereka yang sengaja memberikesempatan, sarana atau keterangan untuk melakukan kejahatan yangmelakukan perekrutan, pengangkutan, penampungan, pengiriman,pemindahan, atau penerimaan seseorang dengan pemalsuan, penipuan,penyalahgunaan kekuasaan atau posisi rentan, penjeratan utang ataumemberi bayaran atau manfaat walaupun memperoleh persetujuan dariorang yang memegang kendali atas orang lain, untuk tujuanmengeksploitasi orang tersebut di wilayah negara Republik Indonesia,mengakibatkan orang tereksploitasi” sebagaimana dalam dakwaanpertama primair Pasal 2 ayat (2) UU RI No. 21 Tahun 2007 TentangPemberantasan Tindak Pidana Perdag angan Orang jo Pasal 56 ayat (2)KUHP.2.Menjatuhkan pidana terhadap terdakwa ANDREAN dengan pidanapenjara selama 8 (delapan) Tahun dikurangi masa penahanansementara dengan perintah agar tetap ditahan dan Pidana dendasebesar Rp. 120.000.000,00 (seratus dua puluh juta rupiah) subsidair 3(tiga) bulan kurungan. 3.Menghukum terdakwa ANDREAN Bersama dengan saksi ARIF ABDULKARIM ROSYID als KARIM dan saksi MOHAMMAD RIF’AN als RIF’AN(Penuntutan terpisah) untuk membayar Restitusi kepada para pemohonmasing-masing sebesar Rp.498.166.666,- (empat ratus Sembilan puluhdelapan juta seratus enam puluh enam ribu enam ratus enam puluhenam rupiah) subsidair selama 1 (satu) tahun kurungan.4.Menyatakan barang bukti berupa : Hal. 15 dari 27 hal. Putusan Nomor 102/PID.SUS/2024/PT DKI"
16,"Direktori Putusan Mahkamah Agung Republik Indonesia
putusan.mahkamahagung.go.id

M a h ka m a h A g u n g R e p u blik In d o n esia
M a h ka m a h A g u n g R e p u blik In d o n esia
M a h ka m a h A g u n g R e p u blik In d o n esia
M a h ka m a h A g u n g R e p u blik In d o n esia
M a h ka m a h A g u n g R e p u blik In d o n esia

Disclaimer
Kepaniteraan Mahkamah Agung Republik Indonesia berusaha untuk selalu mencantumkan informasi paling kini dan akurat sebagai bentuk komitmen Mahkamah Agung untuk pelayanan publik, transparansi dan akuntabilitas
pelaksanaan fungsi peradilan. Namun dalam hal-hal tertentu masih dimungkinkan terjadi permasalahan teknis terkait dengan akurasi dan keterkinian informasi yang kami sajikan, hal mana akan terus kami perbaiki dari waktu kewaktu.
Dalam hal Anda menemukan inakurasi informasi yang termuat pada situs ini atau informasi yang seharusnya ada, namun belum tersedia, maka harap segera hubungi Kepaniteraan Mahkamah Agung RI melalui :
Email : kepaniteraan@mahkamahagung.go.id    Telp : 021-384 3348 (ext.318)

Halaman 16

a.Asli 1 Buku Paspor NO: B 3007625, tanggal Pengeluaran 11Februari 2016 an. NURJANNA; b.Asli 1 Buku Paspor NO: E 0400222, tanggal Pengeluaran 18 Agustus2022 an. ARIF NOVIANTO; c.Asli 1 Buku Paspor NO: E 0006657, tanggal Pengeluaran 3 Agustus2022 an. YAYUK SRI INDARTI; d.Asli 1 Buku Paspor NO: E 3335120, tanggal Pengeluaran 10 Mei2023 an. ALWIN HALKIKI;  e.Asli 1 Buku Paspor NO: B 1573383, tanggal Pengeluaran 19Desember 2022 an. TARA EVI LESTARI; f.Asli 1 Buku Paspor NO: X 2115640, tanggal Pengeluaran 6 Juni2023 an. HARRI HARIYANTO;  g.Asli 1 Buku Paspor NO: X 2055649, tanggal Pengeluaran 30 Mei2023 an. RUDIYANTO;  h.Asli 1 Buku Paspor NO: X 2115638, tanggal Pengeluaran 6 Juni2023 an. SUTO HARJO;  i.Asli 1 Buku Paspor NO: X 2115639, tanggal Pengeluaran 6 Juni2023 an. ZAENAL ABIDIN;  j.Asli 1 Buku Paspor NO: X 2055648, tanggal Pengeluaran 30 Mei2023 an. BAHTIAR FAZRIN DANI SUSILO ;k.Asli 1 Buku Paspor NO: X 2115451, tanggal Pengeluaran 30 Mei2023 an. ASEP BUDIMAN; l.Asli 1 Buku Paspor NO: X 2066082, tanggal Pengeluaran 3 Mei 2023an. ERWINANTO; m.Asli 1 Buku Paspor NO: X 2115634, tanggal Pengeluaran 6 Juni2023 an. FAKIHUDIN; n.Asli 1 Buku Paspor NO: X 2115635, tanggal Pengeluaran 6 Juni2023 an. IRFAN FAUZI;Dikembalikan kepada yang berhak melalui terdakwa Hal. 16 dari 27 hal. Putusan Nomor 102/PID.SUS/2024/PT DKI"
17,"Direktori Putusan Mahkamah Agung Republik Indonesia
putusan.mahkamahagung.go.id

M a h ka m a h A g u n g R e p u blik In d o n esia
M a h ka m a h A g u n g R e p u blik In d o n esia
M a h ka m a h A g u n g R e p u blik In d o n esia
M a h ka m a h A g u n g R e p u blik In d o n esia
M a h ka m a h A g u n g R e p u blik In d o n esia

Disclaimer
Kepaniteraan Mahkamah Agung Republik Indonesia berusaha untuk selalu mencantumkan informasi paling kini dan akurat sebagai bentuk komitmen Mahkamah Agung untuk pelayanan publik, transparansi dan akuntabilitas
pelaksanaan fungsi peradilan. Namun dalam hal-hal tertentu masih dimungkinkan terjadi permasalahan teknis terkait dengan akurasi dan keterkinian informasi yang kami sajikan, hal mana akan terus kami perbaiki dari waktu kewaktu.
Dalam hal Anda menemukan inakurasi informasi yang termuat pada situs ini atau informasi yang seharusnya ada, namun belum tersedia, maka harap segera hubungi Kepaniteraan Mahkamah Agung RI melalui :
Email : kepaniteraan@mahkamahagung.go.id    Telp : 021-384 3348 (ext.318)

Halaman 17

o.Copy SIUP (Surat Izin Usaha Perdagangan) PT. KER JAPANINDONESIA No. 9120016190651 (3 lembar); p.Copy NPWP 91.952.475.7-656.000 a.n PT. KER JAPANINDONESIA; q.Copy Pasport Japan a.n IGUCHI KEIICHI No. TS0020967 tertanggal31 Januari 2018; r.Dua lembar surat berbahasa Jepang berstempel biru di halamanpertama ada tulisan PT. KER JAPAN INDONESIA a.n MUCHAMMADARIF RAHMAN;Terlampir dalam berkas s.Satu HP Smart Phone merek VIVO warna Hitam dengan dua kartusim card yaitu Indosat no. Hp 085658980523 dan Telkomsel No. Hp081396932475;Dirampas untuk dimusnahkan t.Kartu Tanda Penduduk NIK 1872012911840005 atas namaANDREAN yang dikeluarkan oleh pemerintah Kota Metro Prov.Lampung tertanggal 1 November 2017; u.Kartu Debit BRI warna biru no. Kartu 6013 0112 5888 5481.Dikembalikan kepada terdakwa 5.Membebankan kepada Terdakwa membayar biaya perkara sebesar Rp2.000,- (dua ribu rupiah).Menimbang  bahwa Putusan Pengadilan Negeri Jakarta SelatanNomor 687/Pid.Sus/2023/PN Jkt sel tanggal 1 April 2024 telah menjatuhkanputusan yang amarnya   sebagai berikut :1.Menyatakan Terdakwa ANDREAN telah terbukti secara sah danmeyakinkan bersalah  melakukan tindak pidana “mereka yang sengajamemberi kesempatan, sarana atau keterangan untuk melakukankejahatan yang melakukan perekrutan, pengangkutan, penampungan,pengiriman, pemindahan, atau penerimaan seseorang dengan penipuanatau posisi rentan, penjeratan utang  atau manfaat walaupunHal. 17 dari 27 hal. Putusan Nomor 102/PID.SUS/2024/PT DKI"
18,"Direktori Putusan Mahkamah Agung Republik Indonesia
putusan.mahkamahagung.go.id

M a h ka m a h A g u n g R e p u blik In d o n esia
M a h ka m a h A g u n g R e p u blik In d o n esia
M a h ka m a h A g u n g R e p u blik In d o n esia
M a h ka m a h A g u n g R e p u blik In d o n esia
M a h ka m a h A g u n g R e p u blik In d o n esia

Disclaimer
Kepaniteraan Mahkamah Agung Republik Indonesia berusaha untuk selalu mencantumkan informasi paling kini dan akurat sebagai bentuk komitmen Mahkamah Agung untuk pelayanan publik, transparansi dan akuntabilitas
pelaksanaan fungsi peradilan. Namun dalam hal-hal tertentu masih dimungkinkan terjadi permasalahan teknis terkait dengan akurasi dan keterkinian informasi yang kami sajikan, hal mana akan terus kami perbaiki dari waktu kewaktu.
Dalam hal Anda menemukan inakurasi informasi yang termuat pada situs ini atau informasi yang seharusnya ada, namun belum tersedia, maka harap segera hubungi Kepaniteraan Mahkamah Agung RI melalui :
Email : kepaniteraan@mahkamahagung.go.id    Telp : 021-384 3348 (ext.318)

Halaman 18

memperoleh persetujuan dari orang yang memegang kendali atas oranglain, untuk tujuan mengeksploitasi orang tersebut di wilayah negaraRepublik Indonesia, mengakibatkan orang tereksploitasi” sebagaimanadalam dakwaan Pertama Primair;2.Menjatuhkan pidana terhadap Terdakwa oleh karena itu denganpidana penjara selama 6 (enam) Tahun dan denda sebesar Rp.120.000.000,00 (seratus dua puluh juta rupiah) dengan ketentuanapabila denda tersebut tidak dibayar diganti dengan pidana kurunganselama  3 (tiga) bulan;3.Menetapkan masa penangkapan dan penahanan yang telah dijalaniTerdakwa dikurangkan seluruhnya dari pidana yang dijatuhkan;4.Menetapkan Terdakwa tetap berada dalam tahanan;5.Menetapkan barang bukti berupa :a.Asli 1 Buku Paspor NO: B 3007625, tanggal Pengeluaran 11 Februari2016 an. NURJANNA; b.Asli 1 Buku Paspor NO: E 0400222, tanggal Pengeluaran 18 Agustus2022 an. ARIF NOVIANTO; c.Asli 1 Buku Paspor NO: E 0006657, tanggal Pengeluaran 3 Agustus2022 an. YAYUK SRI INDARTI; d.Asli 1 Buku Paspor NO: E 3335120, tanggal Pengeluaran 10 Mei2023 an. ALWIN HALKIKI;  e.Asli 1 Buku Paspor NO: B 1573383, tanggal Pengeluaran 19Desember 2022 an. TARA EVI LESTARI; f.Asli 1 Buku Paspor NO: X 2115640, tanggal Pengeluaran 6 Juni 2023an. HARRI HARIYANTO;  g.Asli 1 Buku Paspor NO: X 2055649, tanggal Pengeluaran 30 Mei2023 an. RUDIYANTO;  h.Asli 1 Buku Paspor NO: X 2115638, tanggal Pengeluaran 6 Juni2023 an. SUTO HARJO;  Hal. 18 dari 27 hal. Putusan Nomor 102/PID.SUS/2024/PT DKI"
19,"Direktori Putusan Mahkamah Agung Republik Indonesia
putusan.mahkamahagung.go.id

M a h ka m a h A g u n g R e p u blik In d o n esia
M a h ka m a h A g u n g R e p u blik In d o n esia
M a h ka m a h A g u n g R e p u blik In d o n esia
M a h ka m a h A g u n g R e p u blik In d o n esia
M a h ka m a h A g u n g R e p u blik In d o n esia

Disclaimer
Kepaniteraan Mahkamah Agung Republik Indonesia berusaha untuk selalu mencantumkan informasi paling kini dan akurat sebagai bentuk komitmen Mahkamah Agung untuk pelayanan publik, transparansi dan akuntabilitas
pelaksanaan fungsi peradilan. Namun dalam hal-hal tertentu masih dimungkinkan terjadi permasalahan teknis terkait dengan akurasi dan keterkinian informasi yang kami sajikan, hal mana akan terus kami perbaiki dari waktu kewaktu.
Dalam hal Anda menemukan inakurasi informasi yang termuat pada situs ini atau informasi yang seharusnya ada, namun belum tersedia, maka harap segera hubungi Kepaniteraan Mahkamah Agung RI melalui :
Email : kepaniteraan@mahkamahagung.go.id    Telp : 021-384 3348 (ext.318)

Halaman 19

i.Asli 1 Buku Paspor NO: X 2115639, tanggal Pengeluaran 6 Juni 2023an. ZAENAL ABIDIN;  j.Asli 1 Buku Paspor NO: X 2055648, tanggal Pengeluaran 30 Mei2023 an. BAHTIAR FAZRIN DANI SUSILO ;k.Asli 1 Buku Paspor NO: X 2115451, tanggal Pengeluaran 30 Mei2023 an. ASEP BUDIMAN; l.Asli 1 Buku Paspor NO: X 2066082, tanggal Pengeluaran 3 Mei 2023an. ERWINANTO; m.Asli 1 Buku Paspor NO: X 2115634, tanggal Pengeluaran 6 Juni 2023an. FAKIHUDIN; n.Asli 1 Buku Paspor NO: X 2115635, tanggal Pengeluaran 6 Juni 2023an. IRFAN FAUZI;Dikembalikan kepada yang berhak melalui terdakwa o. Copy SIUP (Surat Izin Usaha Perdagangan) PT. KER JAPANINDONESIA No. 9120016190651 (3 lembar); p.Copy NPWP 91.952.475.7-656.000 a.n PT. KER JAPANINDONESIA ; q. Copy Pasport Japan a.n IGUCHI KEIICHI No. TS0020967 tertanggal31 Januari 2018; r. Dua lembar surat berbahasa Jepang berstempel biru di halamanpertama ada tulisan PT. KER JAPAN INDONESIA a.n MUCHAMMADARIF RAHMAN;Terlampir dalam berkas s. Satu HP Smart Phone merek VIVO warna Hitam dengan dua kartusim card yaitu Indosat no. Hp 085658980523 dan Telkomsel No. Hp081396932475;Dirampas untuk dimusnahkan t.Kartu Tanda Penduduk NIK 1872012911840005 atas namaANDREAN yang dikeluarkan oleh pemerintah Kota Metro Prov.Lampung tertanggal 1 November 2017; Hal. 19 dari 27 hal. Putusan Nomor 102/PID.SUS/2024/PT DKI"
20,"Direktori Putusan Mahkamah Agung Republik Indonesia
putusan.mahkamahagung.go.id

M a h ka m a h A g u n g R e p u blik In d o n esia
M a h ka m a h A g u n g R e p u blik In d o n esia
M a h ka m a h A g u n g R e p u blik In d o n esia
M a h ka m a h A g u n g R e p u blik In d o n esia
M a h ka m a h A g u n g R e p u blik In d o n esia

Disclaimer
Kepaniteraan Mahkamah Agung Republik Indonesia berusaha untuk selalu mencantumkan informasi paling kini dan akurat sebagai bentuk komitmen Mahkamah Agung untuk pelayanan publik, transparansi dan akuntabilitas
pelaksanaan fungsi peradilan. Namun dalam hal-hal tertentu masih dimungkinkan terjadi permasalahan teknis terkait dengan akurasi dan keterkinian informasi yang kami sajikan, hal mana akan terus kami perbaiki dari waktu kewaktu.
Dalam hal Anda menemukan inakurasi informasi yang termuat pada situs ini atau informasi yang seharusnya ada, namun belum tersedia, maka harap segera hubungi Kepaniteraan Mahkamah Agung RI melalui :
Email : kepaniteraan@mahkamahagung.go.id    Telp : 021-384 3348 (ext.318)

Halaman 20

u.Kartu Debit BRI warna biru no. Kartu 6013 0112 5888 5481.Dikembalikan kepada terdakwa 6.Membebankan Terdakwa membayar biaya perkara sebesar Rp5.000,- (lima ribu rupiah);Menimbang bahwa atas putusan Pengadilan Negeri tersebut,Terdakwa melalui Penasihat Hukumnya telah mangajukan permintaanbanding sebagaimana Akta Nomor 21/Akta.Pid.Sus/2024/PN Jkt Sel tanggal5 April 2024; Menimbang bahwa atas putusan Pengadilan Negeri tersebut, JaksaPenuntut Umum telah mangajukan permintaan banding sebagaimana AktaPermintaan Banding Nomor 21/Akta.Pid/2024/PN Jkt Sel tanggal 5 April2024; Menimbang, bahwa Penasihat Hukum Terdakwa telah menyerahkanmemori banding tertanggal 22 April 2024 dan diterima oleh PaniteraPengadilan Negeri Jakarta Selatan tanggal 22 April 2024 sebagaimana Surattanda Terima Memori banding pidana pada tanggal 22 April 2024; Menimbang, bahwa Jaksa Penuntut Umum telah menyerahkanmemori banding tertanggal 22 April 2024 dan diterima oleh PaniteraPengadilan Negeri Jakarta Selatan sebagaimana Surat Tanda TerimaMemori Banding Pidana tertanggal 22 April 2024; Menimbang, bahwa  Penasihat Hukum Terdakwa dan JaksaPenuntut Umum tidak mengajukan kontra memori banding atas memoribanding yang masing-masing diajukan oleh Penasihat Hukum Terdakwa atauJaksa Penuntut Umum; Menimbang dan membaca surat-surat lain yang berkaitan danmerupakan bagian tidak terpisahkan dari putusan ini tentang permohonanbanding dan memori banding aquo beserta alasan-alasannya telahdiberitahukan kepada masing-masing pihak lawan dengan seksama;Menimbang bahwa Pengadilan Negeri Jakarta Selatan telahmemberitahukan kepada Terdakwa dan Jaksa Penuntut umum untukmempelajari berkas perkara sebagaimana Surat NomorHal. 20 dari 27 hal. Putusan Nomor 102/PID.SUS/2024/PT DKI"
21,"Direktori Putusan Mahkamah Agung Republik Indonesia
putusan.mahkamahagung.go.id

M a h ka m a h A g u n g R e p u blik In d o n esia
M a h ka m a h A g u n g R e p u blik In d o n esia
M a h ka m a h A g u n g R e p u blik In d o n esia
M a h ka m a h A g u n g R e p u blik In d o n esia
M a h ka m a h A g u n g R e p u blik In d o n esia

Disclaimer
Kepaniteraan Mahkamah Agung Republik Indonesia berusaha untuk selalu mencantumkan informasi paling kini dan akurat sebagai bentuk komitmen Mahkamah Agung untuk pelayanan publik, transparansi dan akuntabilitas
pelaksanaan fungsi peradilan. Namun dalam hal-hal tertentu masih dimungkinkan terjadi permasalahan teknis terkait dengan akurasi dan keterkinian informasi yang kami sajikan, hal mana akan terus kami perbaiki dari waktu kewaktu.
Dalam hal Anda menemukan inakurasi informasi yang termuat pada situs ini atau informasi yang seharusnya ada, namun belum tersedia, maka harap segera hubungi Kepaniteraan Mahkamah Agung RI melalui :
Email : kepaniteraan@mahkamahagung.go.id    Telp : 021-384 3348 (ext.318)

Halaman 21

W10.U3/7298/HK.01/04/2024 dan Nomor W10.U3/7299/HK.01/04/2024,masing-masing tertanggal 16 April 2024;Menimbang bahwa permintaan banding oleh Terdakwa dan JaksaPenuntut Umum telah diajukan dalam tenggang waktu dan tata cara, sertasyarat-syarat yang ditentukan oleh undang-undang, maka permintaanbanding tersebut secara formal dapat diterima;Menimbang, bahwa dalam memori bandingnya Penasihat HukumTerdakwa memohon agar Pengadilan Tinggi selaku Pengadilan TingkatBanding menjatuhkan putusan sebagai berikut :-Bahwa  tuntutan jaksa penuntut umum  serta Putusan Majlis HakimPengadilan Negeri Jakarta Selatan terhadap perkara no.687/Pid.sus/2023/PN.JKT.SEL, disamakan dengan  tuntutan dan putusannomor perkara: 686/Pid.Sus/2023/PN.JKT.SEL, dikarenakan peranan,tugas, perbutan dan  tupoksinya sangat  berbeda sesuai  dengan  bukti,saksi,  fakta persidangan,  disebabkan Terdakwa Andrean (Pembanding)hanya sebatas biro jasa Pengurusan Visa   saja dan visa nyapun terbuktisudah keluar semua sesuai perjanjian dan permintaan terdakwa(sekarang terpidana) perkara No.686/Pid.sus/2023/PN.JKT.SEL an. ARIFABDUL KARIM ROSYID als.KARIM & MOHAMAD RIfAN Als.RIF' AN.Maka dari itulah Pembanding (no. perkara 687/pid.sus /2023/PN.JKT.SEL)  merasa keberatan dan merasa tidak adil apabila putusanjuga disamakan dengan perkara no.686 / Pid sus / 2023/PN .JKT.SEL;-Bahwa  Pembanding (Andrean) adalah hanya sebatas dimintai bantuanuntuk menguruskan 9 (sembilan kandidat)   Visa (temprorari visa) keNegara Jepang, dan Pembanding diserahkan pengurusan visa tersebutkepada saudara ARIF RAHMAN / Dirut PT Kerjapan karena Pemohonhanya sebatas Calo / Biro jasa, tidak ada berkaitan dengan penempatan, pemberangkatan ke jepang setelah Visa jadi diserahkan kembalikepada Terpidana Arif Abdul Karim Rosyid als.KARIM dan RIFAN als,RIF'AN dalam Perkara Terpisah 686 / Pid.sus/ 2023/ PN.JKT.SEL,Menurut hemat kami hal demikian unsur unsur yang didakwa olehPenuntut umum tidak sesuai dengan perbuatan Pemohon karena hanyaHal. 21 dari 27 hal. Putusan Nomor 102/PID.SUS/2024/PT DKI"
22,"Direktori Putusan Mahkamah Agung Republik Indonesia
putusan.mahkamahagung.go.id

M a h ka m a h A g u n g R e p u blik In d o n esia
M a h ka m a h A g u n g R e p u blik In d o n esia
M a h ka m a h A g u n g R e p u blik In d o n esia
M a h ka m a h A g u n g R e p u blik In d o n esia
M a h ka m a h A g u n g R e p u blik In d o n esia

Disclaimer
Kepaniteraan Mahkamah Agung Republik Indonesia berusaha untuk selalu mencantumkan informasi paling kini dan akurat sebagai bentuk komitmen Mahkamah Agung untuk pelayanan publik, transparansi dan akuntabilitas
pelaksanaan fungsi peradilan. Namun dalam hal-hal tertentu masih dimungkinkan terjadi permasalahan teknis terkait dengan akurasi dan keterkinian informasi yang kami sajikan, hal mana akan terus kami perbaiki dari waktu kewaktu.
Dalam hal Anda menemukan inakurasi informasi yang termuat pada situs ini atau informasi yang seharusnya ada, namun belum tersedia, maka harap segera hubungi Kepaniteraan Mahkamah Agung RI melalui :
Email : kepaniteraan@mahkamahagung.go.id    Telp : 021-384 3348 (ext.318)

Halaman 22

sebatas Biro jasa pengurus Visa. Namun perbuatannya didakwa TindakPidana Perdagangan orang sebagaimana diatur pada pasal 2 ayat (2)UURI no. 21 tahun 2007, jo.pasal 56 KUHP, karena perbuatanPembanding hanya dimintai bantuan untuk menguruskan visa, kalaupundianngap salah dan menyalahi prosedur yang tepat perbuatan pemohonbanding adalah membantu, memberikan sarana Penempatan pekerjamigran Unprosedural, sebagaimana  pasal 83, UU RI. No.18 tahun 2017tentang Perlindungan pekerja migran indonesia, Jo.pasal 56 KUHP.Sehingga sudah seharusnya dibedakan dalam Tuntutan jaksa maupunPutusannya dengan Nomor Perkara 686/Pid.Sus/2023/PN.JKT.SEL. an.Terpidana Arif Abdul Karim Rosyid Als.Karim dan Mohamad Rifanals.Rif'an. Hal yang demikian itulah sebagai alasan pembanding merasaKeberatan dan ketidak adilan dalam putusan yang disamakan yaiitusebagaimana Amar Putusan No. perkara 687/Pid.sus/2023/ PN.JKT.SEL,pada poin angka 1 (satu) dan angka 2 (dua);-Bahwa kami menemukan beberapa Kasus dan perbuatan yang sama,pada Pengadilan yang sama yaitu Pengadilan Negeri Jakarta Selatan,kebetulan kami juga sebagai Penasehat hukumnya, Namun semuaperkara perkara tersebut dihukum bukan sebagai Melanggar Tindakpidana Perdagangan orang (TPPO) Namun semua perbutan terdakwamaupun terpidana diputus oleh pengadilan Negeri Jakarta Selatanperbuatannya dihukum sebagai  Melanggar Tindak pidana PerlindunganPekerja Migran Indonesia  Unprosedural sebagai mana diatur dalampasal 81, 83 UURI No.18 tahun 2017 tentang Perlindungan PekerjaMigran indonesia, jo.pasal 55 ayat (1) ke- 1 KUHP. Adapun beberapaperbuatan pidana Nomor Perkara, 322/Pid.Sus/2023/ PN.JKT.SEL, An.Terpidana Nunu Juhana bin H Ibin Sarbini  dan RA. Ayu Nurfini als Ayubinti Djoko Djuharyantoko, Perkara nomor 18/Pid.Sus/2024/PN.JKT.SEL,An. Terdakwa Bambang Setyadi dan Mas’udi,  Nomor Perkara. 19/Pid.Sus/2024/PN.JKT.SEL.an.Terdakwa Siti Sopah als. Bu Sofah, No.perkara 20/Pid.sus/2024/PN.JKT.SEL, An. Terdakwa  Saiful als Samsuldan Hidayat als Yayat, Itu sekedar contoh perbuatan tindak pidana yangHal. 22 dari 27 hal. Putusan Nomor 102/PID.SUS/2024/PT DKI"
23,"Direktori Putusan Mahkamah Agung Republik Indonesia
putusan.mahkamahagung.go.id

M a h ka m a h A g u n g R e p u blik In d o n esia
M a h ka m a h A g u n g R e p u blik In d o n esia
M a h ka m a h A g u n g R e p u blik In d o n esia
M a h ka m a h A g u n g R e p u blik In d o n esia
M a h ka m a h A g u n g R e p u blik In d o n esia

Disclaimer
Kepaniteraan Mahkamah Agung Republik Indonesia berusaha untuk selalu mencantumkan informasi paling kini dan akurat sebagai bentuk komitmen Mahkamah Agung untuk pelayanan publik, transparansi dan akuntabilitas
pelaksanaan fungsi peradilan. Namun dalam hal-hal tertentu masih dimungkinkan terjadi permasalahan teknis terkait dengan akurasi dan keterkinian informasi yang kami sajikan, hal mana akan terus kami perbaiki dari waktu kewaktu.
Dalam hal Anda menemukan inakurasi informasi yang termuat pada situs ini atau informasi yang seharusnya ada, namun belum tersedia, maka harap segera hubungi Kepaniteraan Mahkamah Agung RI melalui :
Email : kepaniteraan@mahkamahagung.go.id    Telp : 021-384 3348 (ext.318)

Halaman 23

sama perbuatan yang sama dan oleh Pengadilan negeri yang sama.Namun semua dihukum bukanlah perbuatannya mereka melanggarTindak pidana Perdagangan orang / TPPO, Namun perbuatan merekadihukum sebagai pelanggaran Kejahatan ketenaga Kerjaan yaituPenempatan Perlindungan Pekerja Migran Unprosedural (tidak sesuaiprosedur) sebagaimana diatur dalam UU RI no.18 tahun 2017 tentangPerlindungan Pekerja Migran Indonesia ke luar Negeri;-Dengan demikian permohonan kami sebagai penasehat hukum PemohonBanding/Pembanding, kepada yang mulya Majlis Hakim Pengadilantinggi agar bijak dan tepat serta memeriksa secara Komprehensifsehinggt niat kita sama sama menemukan kebenaran materiil dankebenaran yang hakiki dan adanya rasa keadilan;-Bahwa tuntutan restitusi dari korban hanyalah yang dituntut cumaterdakwa/Sekarang Terpidana Perkara no.686/Pid.sus/2023/JKT.SEL. an.Arif Abdul Karim Rosyid als. Karim dan Terpidana Rifan als.Rifan, Parakorban bukan menuntut Restitusi kepada Pembanding Andrean dalamPerkara no.687/pid.sus/2023/PN JKT.SEL, Hal itu jelas dan terangbenderang pertanda bahwa Pemohon Banding (Andrean) tidak adakaitannya dengan proses penempatan, merekrut para korban ataumenerima keuangan dari para korban hal ini sesuai fakta persidangansemua Para Korban tidak mengenal yang namanya ANDREAN, karenajelas jelas si Andrean nya sebatas dimintai tolong oleh saudara Arif AbdulKarim als. Karim dan Rifan als Rifan untuk menguruskan penerbitanVisa/ temprorary visa ke Jepang saja, dan Andrean karena sekedar calodan biro jasa pengurusannya diserahkan kepada ARIF RAHMAN sebagaiDirut PT Kerjapan yang mana Arif Rahman sendiri yang sampai saat initidak dijadikan tersangka oleh penyidik maupun terdakwa oleh Jaksapenuntut umum, padahal Arif rahman lah yang tahu menahu dan ikuttanggung jawab terhadap penempatan terhadap 9 kandidat diJepangnya, itulah yang Pembanding merasa sangat keberatan jugamerasa ketidak adilan dengan tuntutan jaksa maupun putusan ini;Hal. 23 dari 27 hal. Putusan Nomor 102/PID.SUS/2024/PT DKI"
24,"Direktori Putusan Mahkamah Agung Republik Indonesia
putusan.mahkamahagung.go.id

M a h ka m a h A g u n g R e p u blik In d o n esia
M a h ka m a h A g u n g R e p u blik In d o n esia
M a h ka m a h A g u n g R e p u blik In d o n esia
M a h ka m a h A g u n g R e p u blik In d o n esia
M a h ka m a h A g u n g R e p u blik In d o n esia

Disclaimer
Kepaniteraan Mahkamah Agung Republik Indonesia berusaha untuk selalu mencantumkan informasi paling kini dan akurat sebagai bentuk komitmen Mahkamah Agung untuk pelayanan publik, transparansi dan akuntabilitas
pelaksanaan fungsi peradilan. Namun dalam hal-hal tertentu masih dimungkinkan terjadi permasalahan teknis terkait dengan akurasi dan keterkinian informasi yang kami sajikan, hal mana akan terus kami perbaiki dari waktu kewaktu.
Dalam hal Anda menemukan inakurasi informasi yang termuat pada situs ini atau informasi yang seharusnya ada, namun belum tersedia, maka harap segera hubungi Kepaniteraan Mahkamah Agung RI melalui :
Email : kepaniteraan@mahkamahagung.go.id    Telp : 021-384 3348 (ext.318)

Halaman 24

-Apabila Majelis Hakim berpendapat lain mohon putusan yang seadiladilnya berdasarkan ketuhanan yang maha Esa (Ex Aequo et Bono)Demikianlah Memori Banding ini kami sampaikan, besar harapansemoga majlis hakim mengabulkan nya, dan semoga Tuhan yang mahaEsa atas qudrat dan irodahnya memberikan petunjuk untuk kita semuasehingga menemukan kebenaran materiil dan keadilan yang hakikiAamiin;Menimbang, bahwa dalam memori bandingnya Jaksa PenuntutUmum memohon agar Pengadilan Tinggi selaku Pengadilan Tingkat Bandingmenjatuhkan putusan sebagaimana dalam tuntutannya, disertai alasan yangpada pokoknya : pengadilan negeri tidak memberikan hukuman restitusikepada Andrean padahal perbuatan Terdakwa Bersama saksi Arif AbdulKarim Rosyid Als Karim dan Mohammad Rif’an Als Rif’an (Penuntutanterpisah sangat) sangat jelas sebagaimana dakwaan Jaksa Penuntut Umum; Menimbang, bahwa memori banding selengkapnya termuat dalamberkas perkara ini, untuk mempersingkat putusan ini harap dianggap sebagaibagian dari putusan ini;Menimbang, bahwa Penasihat Hukum Terdakwa telah pulamenyerahkan kontra memori banding yang pada pokoknya agar majelisHakim Pengadilan Tinggi memutuskan:1.Menolak memori Banding Jaksa Penuntut Umum pada Kejaksaan NegeriJakarta Selatan untuk seluruhnya 2.Menerima permohonan Banding serta Memori Banding dan juga Kontramemori Banding Kami sebagai penasehat hukum terdakwa, sekarangPemohon Banding untuk seluruhnya; 3.Memutuskan perbuatan terdakwa, yang cuma sebagai biro jasaPengurusan visa Ke Jepang adalah bukan tindak pidana Perdaganganorang, namun hanya membantu terjadinya tindak pidana Pelindunganpekerja migran Indonesia, ke luar negeri tanpa prosedur yang benar(unprosedural) sebagaimana diatur pasal 83, UU RI no.18 tahun 2017,tentang perlindungan pekerja migran indonesia, jo. Pasal, 56 ayat (2)KUHP jo.pasal 69 KUHP. Hal. 24 dari 27 hal. Putusan Nomor 102/PID.SUS/2024/PT DKI"
25,"Direktori Putusan Mahkamah Agung Republik Indonesia
putusan.mahkamahagung.go.id

M a h ka m a h A g u n g R e p u blik In d o n esia
M a h ka m a h A g u n g R e p u blik In d o n esia
M a h ka m a h A g u n g R e p u blik In d o n esia
M a h ka m a h A g u n g R e p u blik In d o n esia
M a h ka m a h A g u n g R e p u blik In d o n esia

Disclaimer
Kepaniteraan Mahkamah Agung Republik Indonesia berusaha untuk selalu mencantumkan informasi paling kini dan akurat sebagai bentuk komitmen Mahkamah Agung untuk pelayanan publik, transparansi dan akuntabilitas
pelaksanaan fungsi peradilan. Namun dalam hal-hal tertentu masih dimungkinkan terjadi permasalahan teknis terkait dengan akurasi dan keterkinian informasi yang kami sajikan, hal mana akan terus kami perbaiki dari waktu kewaktu.
Dalam hal Anda menemukan inakurasi informasi yang termuat pada situs ini atau informasi yang seharusnya ada, namun belum tersedia, maka harap segera hubungi Kepaniteraan Mahkamah Agung RI melalui :
Email : kepaniteraan@mahkamahagung.go.id    Telp : 021-384 3348 (ext.318)

Halaman 25

4.Membatalkan putusan Pengadilan Negeri Jakarta Selatan tanggal 01April 2024, nomor perkara 687/Pid sus/2023/ PN.JKT.SEL, 5.Memutuskan perkara no. 687/pid.sus/2023/PN.JKT.SEL, an. terdakwaAndrean (sekarang Pemohon Banding) lebih rendah / serendahrendahnya dari pada putusan nomor Perkara687/pid.sus/2023/PN.JKT.SEL, An. Arif Abdul Karim Rosyid Als.Karimdan terdakwa (terpidana) Mohamad Rif'an Als. Rif'an. SUBSIDER Apabila Majlis Hakim Pengadilan Tinggi DKI Jakartaberpendapat lain mohon putusan seadil adilnya berdasarkan ketuhananyang maha Esa (Ex Aequo et Bono) Menimbang, bahwa setelah Pengadilan Tinggi mempelajari PutusanPengadilan Negeri Jakarta Selatan Nomor 687/Pid.Sus/2023/PN Jkt Seltanggal 1 April 2024, berkas Perkara yang bersangkutan dan memoribanding dan kontra memori banding, Pengadilan Tinggi akanmempertimbangkan tentang keberatan-keberatan dari Pembanding sebagaiberikut;Menimbang, bahwa untuk tuntutan Jaksa Penuntut Umum DimanaTerdakwa harus dihukum untuk membayar restitusi pada para korban,Pengadilan Tinggi berpendapat bahwa Pemohon Banding (Andrean) hanyaterbukti  menyediakan fasilitas visa perorangan  calon tenaga kerja Indonesiauntuk bekerja di Pabrik pemotongan ayam, pabrik mebel dan pabrik kabel  diNegara Jepang adalah bukan orang yang paling bertanggung jawab ataspenempatan tenaga kerja tersebut, maka tidak tepat dan tidak adil apabilaTerdakwa harus dihukum untuk membayar restitusi; Menimbang, bahwa selain alasan tersebut, alasan-alasan yangdikemukakan dalam memori banding merupakan sebagai bentukpengulangan apa yang telah disampaikan dalam persidangan di PengadilanNegeri dan telah dipertimbangkan secara tepat dan benar dalam memutusperkara ini, sehingga pertimbangan hukum dan amar putusan PengadilanNegeri tersebut dapat disetujui dan diambil alih oleh Pengadilan Tinggisebagai alasan dan pendapatnya sendiri dalam menjatuhkan putusan iniditingkat banding;Hal. 25 dari 27 hal. Putusan Nomor 102/PID.SUS/2024/PT DKI"
26,"Direktori Putusan Mahkamah Agung Republik Indonesia
putusan.mahkamahagung.go.id

M a h ka m a h A g u n g R e p u blik In d o n esia
M a h ka m a h A g u n g R e p u blik In d o n esia
M a h ka m a h A g u n g R e p u blik In d o n esia
M a h ka m a h A g u n g R e p u blik In d o n esia
M a h ka m a h A g u n g R e p u blik In d o n esia

Disclaimer
Kepaniteraan Mahkamah Agung Republik Indonesia berusaha untuk selalu mencantumkan informasi paling kini dan akurat sebagai bentuk komitmen Mahkamah Agung untuk pelayanan publik, transparansi dan akuntabilitas
pelaksanaan fungsi peradilan. Namun dalam hal-hal tertentu masih dimungkinkan terjadi permasalahan teknis terkait dengan akurasi dan keterkinian informasi yang kami sajikan, hal mana akan terus kami perbaiki dari waktu kewaktu.
Dalam hal Anda menemukan inakurasi informasi yang termuat pada situs ini atau informasi yang seharusnya ada, namun belum tersedia, maka harap segera hubungi Kepaniteraan Mahkamah Agung RI melalui :
Email : kepaniteraan@mahkamahagung.go.id    Telp : 021-384 3348 (ext.318)

Halaman 26

Menimbang, bahwa berdasar pertimbangan tersebut diatas, makaPutusan Pengadilan Negeri Jakarta Selatan Nomor 687/Pid.Sus/2023/PN JktSel tanggal 1 April 2024 dapat dipertahankan dan oleh karenanya harusdikuatkan;  Menimbang, bahwa untuk lamanya masa penangkapan dan ataupenahanan yang telah dijalani Terdakwa haruslah dikurangkan sepenuhnyadari pidana yang dijatuhkan dan memerintahkan Terdakwa tetap ditahan danmembebani Terdakwa untuk membayar biaya perkara;Mengingat, Pasal 2 ayat (2) UU RI No. 21 Tahun 2007 TentangPemberantasan Tindak Pidana Perdagangan Orang jo Pasal 56 ayat (2)Kitab Undang Undang Pidana, Undang-Undang Nomor 8 Tahun 1981tentang Kitab Undang-Undang Hukum Acara Pidana dan pasal-pasalUndang-Undang yang bersangkutan dalam perkara ini;M E N G A D I LI 1.Menerima permintaan banding dari Terdakwa;2.Menguatkan Putusan Pengadilan Negeri Jakarta Selatan Nomor687/Pid.Sus/2023/PN Jkt Sel tanggal 1 April 2024 yang dimintakanbanding tersebut;3.Menetapkan masa penangkapan dan atau masa penahanan yang telahdijalani oleh Terdakwa dikurangkan seluruhnya dari pidana yangdijatuhkan;4.Memerintahkan agar Terdakwa tetap ditahan;5.Membebankan kepada Tedakwa untuk membayar biaya perkarasejumlah Rp 2000.- (dua ribu rupiah).  Demikian diputuskan dalam musyawarah Majelis Hakim PengadilanTinggi Jakarta, pada hari Senin, tanggal 6 Mei 2024 oleh kami SugengRiyono, SH., M.Hum.- selaku Hakim Ketua, Berlin Damanik, SH., M.Hum.-dan Gunawan Gusmo, SH., M.Hum.- masing-masing sebagai HakimAnggota, putusan mana diucapkan pada hari Rabu, tanggal 8 Mei 2024dalam persidangan yang dinyatakan terbuka untuk umum oleh Hakim Ketuadengan didampingi oleh Hakim-Hakim Anggota, dengan dibantu olehHal. 26 dari 27 hal. Putusan Nomor 102/PID.SUS/2024/PT DKI"
27,"Direktori Putusan Mahkamah Agung Republik Indonesia
putusan.mahkamahagung.go.id

M a h ka m a h A g u n g R e p u blik In d o n esia
M a h ka m a h A g u n g R e p u blik In d o n esia
M a h ka m a h A g u n g R e p u blik In d o n esia
M a h ka m a h A g u n g R e p u blik In d o n esia
M a h ka m a h A g u n g R e p u blik In d o n esia

Disclaimer
Kepaniteraan Mahkamah Agung Republik Indonesia berusaha untuk selalu mencantumkan informasi paling kini dan akurat sebagai bentuk komitmen Mahkamah Agung untuk pelayanan publik, transparansi dan akuntabilitas
pelaksanaan fungsi peradilan. Namun dalam hal-hal tertentu masih dimungkinkan terjadi permasalahan teknis terkait dengan akurasi dan keterkinian informasi yang kami sajikan, hal mana akan terus kami perbaiki dari waktu kewaktu.
Dalam hal Anda menemukan inakurasi informasi yang termuat pada situs ini atau informasi yang seharusnya ada, namun belum tersedia, maka harap segera hubungi Kepaniteraan Mahkamah Agung RI melalui :
Email : kepaniteraan@mahkamahagung.go.id    Telp : 021-384 3348 (ext.318)

Halaman 27

Lindawati Serikit, SH., MH.- Panitera Pengganti pada Pengadilan Tinggitersebut, tanpa dihadiri oleh Terdakwa dan Penuntut Umum.Hakim - Hakim Anggota;              Hakim Ketua;  ( Berlin Damanik, SH., M.Hum.- )         ( Sugeng Riyono, SH., M.Hum.-)   ( Gunawan Gusmo, SH., M.Hum., )Panitera Pengganti;                         ( Lindawati Serikit, SH., MH.,)Hal. 27 dari 27 hal. Putusan Nomor 102/PID.SUS/2024/PT DKI"
